CHAMBER,Slope,BackRate
10,0.001546,40.44
12,0.003008,32.82
13,0.002075,33.86
14,0.002792,31.7
15,0.00175,24.1
20,0.004302,26.96
